Workbook

Sheet Leia-me
A1: Revisão da classificação dos mutantes não detectados
A3: Cada linha da aba Mutantes é um mutante distinto, em uma combinação de ecossistema e suíte, que não foi detectado em ao menos uma das 90 execuções (3 níveis de tentativas × 30).
A4: As colunas até "Justificativa (pré-classificação)" vêm da análise automática e da leitura do código. Não é preciso alterá-las.
A5: O que preencher: só as células em amarelo, na aba Mutantes. Em "Classe revisada", escolha uma classe na lista suspensa SOMENTE se discordar da pré-classificação ou quiser confirmá-la explicitamente. Em "Comentário do revisor", escreva o motivo quando discordar.
A6: A coluna "Classe final" usa a classe revisada quando preenchida e, senão, a pré-classificação. A coluna "Concorda?" fica vermelha quando há divergência. A aba Resumo atualiza sozinha.
A7: A linha 2 da aba Mutantes traz um exemplo de preenchimento (em cinza) e não entra nas contagens.
A9: Definição das classes
A10: entrada não gerada: O oráculo detecta o defeito, mas só quando o gerador produz a entrada que o revela (em geral um valor exato de limite). Inclui mutantes detectados em parte das execuções.
A11: oráculo fraco: Nunca detectado, embora a regra seja verificada por alguma propriedade da suíte: a propriedade exercita o trecho mas não observa a diferença.
A12: regra sem propriedade: Nunca detectado, e a regra que o trecho implementa não é verificada por nenhuma propriedade da suíte.
A13: equivalente: Nenhuma entrada permitida pelo SPEC distingue o mutante do original na API de domínio.

Sheet Mutantes
A1: Nº | B1: Ecossistema | C1: Suíte | D1: Arquivo | E1: Linha | F1: Código | G1: Mutação | H1: Regra | I1: Detectado em (de 90) | J1: Taxa t=10 | K1: Taxa t=100 | L1: Taxa t=1000 | M1: Suíte forte detecta? | N1: Pré-classificação | O1: Justificativa (pré-classificação) | P1: Classe revisada | Q1: Comentário do revisor | R1: Classe final | S1: Concorda? | T1: ID do mutante (não editar)
A2: ex. | B2: java | C2: fraca | D2: CalculadoraPreco.java | E2: 61 | F2: if (subtotal < cupom.getMinimoCentavos()) { | G2: changed conditional boundary | H2: R12 | I2: 0 | J2: 0 | K2: 0 | L2: 0 | M2: sim | N2: entrada não gerada | O2: o defeito só aparece com subtotal igual ao mínimo do cupom | P2: entrada não gerada | Q2: concordo: P9 pegaria se o gerador produzisse subtotal = mínimo | R2: =IF(P2="",N2,P2) -> entrada não gerada | S2: =IF(P2="","",IF(P2=N2,"sim","não")) -> sim
A3: 1 | B3: java | C3: forte | D3: CalculadoraPreco.java | E3: 40 | F3: public long getDesconto() { return desconto; } | G3: replaced long return with 0 for br/pucminas/tcc/ingressos/domain/CalculadoraPreco$Totais::getDesconto | H3: R13 | I3: 88 | J3: 0.933 | K3: 1 | L3: 1 | M3: sim | N3: entrada não gerada | O3: detectado em 88 de 90 execuções; depende de o gerador produzir a entrada que revela o defeito | R3: =IF(P3="",N3,P3) -> entrada não gerada | S3: =IF(P3="","",IF(P3=N3,"sim","não")) | T3: CalculadoraPreco$Totais.getDesconto:40:PrimitiveReturnsMutator:5
A4: 2 | B4: java | C4: forte | D4: CalculadoraPreco.java | E4: 55 | F4: if (cupom == null) { | G4: removed conditional - replaced equality check with true | H4: R12 | I4: 71 | J4: 0.367 | K4: 1 | L4: 1 | M4: sim | N4: entrada não gerada | O4: detectado em 71 de 90 execuções; depende de o gerador produzir a entrada que revela o defeito | R4: =IF(P4="",N4,P4) -> entrada não gerada | S4: =IF(P4="","",IF(P4=N4,"sim","não")) | T4: CalculadoraPreco.desconto:55:RemoveConditionalMutator_EQUAL_IF:4
A5: 3 | B5: java | C5: forte | D5: CalculadoraPreco.java | E5: 58 | F5: if (hoje.compareTo(cupom.getValidoAte()) > 0) { | G5: changed conditional boundary | H5: R12 | I5: 42 | J5: 0 | K5: 0.4 | L5: 1 | M5: sim | N5: entrada não gerada | O5: detectado em 42 de 90 execuções; depende de o gerador produzir a entrada que revela o defeito | R5: =IF(P5="",N5,P5) -> entrada não gerada | S5: =IF(P5="","",IF(P5=N5,"sim","não")) | T5: CalculadoraPreco.desconto:58:ConditionalsBoundaryMutator:16
A6: 4 | B6: java | C6: forte | D6: CalculadoraPreco.java | E6: 58 | F6: if (hoje.compareTo(cupom.getValidoAte()) > 0) { | G6: removed conditional - replaced comparison check with false | H6: R12 | I6: 89 | J6: 0.967 | K6: 1 | L6: 1 | M6: sim | N6: entrada não gerada | O6: detectado em 89 de 90 execuções; depende de o gerador produzir a entrada que revela o defeito | R6: =IF(P6="",N6,P6) -> entrada não gerada | S6: =IF(P6="","",IF(P6=N6,"sim","não")) | T6: CalculadoraPreco.desconto:58:RemoveConditionalMutator_ORDER_ELSE:16
A7: 5 | B7: java | C7: forte | D7: CalculadoraPreco.java | E7: 58 | F7: if (hoje.compareTo(cupom.getValidoAte()) > 0) { | G7: removed conditional - replaced comparison check with true | H7: R12 | I7: 74 | J7: 0.467 | K7: 1 | L7: 1 | M7: sim | N7: entrada não gerada | O7: detectado em 74 de 90 execuções; depende de o gerador produzir a entrada que revela o defeito | R7: =IF(P7="",N7,P7) -> entrada não gerada | S7: =IF(P7="","",IF(P7=N7,"sim","não")) | T7: CalculadoraPreco.desconto:58:RemoveConditionalMutator_ORDER_IF:16
A8: 6 | B8: java | C8: forte | D8: CalculadoraPreco.java | E8: 61 | F8: if (subtotal < cupom.getMinimoCentavos()) { | G8: changed conditional boundary | H8: R12 | I8: 10 | J8: 0 | K8: 0 | L8: 0.333 | M8: sim | N8: entrada não gerada | O8: detectado em 10 de 90 execuções; depende de o gerador produzir a entrada que revela o defeito | R8: =IF(P8="",N8,P8) -> entrada não gerada | S8: =IF(P8="","",IF(P8=N8,"sim","não")) | T8: CalculadoraPreco.desconto:61:ConditionalsBoundaryMutator:28
A9: 7 | B9: java | C9: forte | D9: CalculadoraPreco.java | E9: 61 | F9: if (subtotal < cupom.getMinimoCentavos()) { | G9: negated conditional | H9: R12 | I9: 76 | J9: 0.533 | K9: 1 | L9: 1 | M9: sim | N9: entrada não gerada | O9: detectado em 76 de 90 execuções; depende de o gerador produzir a entrada que revela o defeito | R9: =IF(P9="",N9,P9) -> entrada não gerada | S9: =IF(P9="","",IF(P9=N9,"sim","não")) | T9: CalculadoraPreco.desconto:61:NegateConditionalsMutator:28
A10: 8 | B10: java | C10: forte | D10: CalculadoraPreco.java | E10: 61 | F10: if (subtotal < cupom.getMinimoCentavos()) { | G10: removed conditional - replaced comparison check with false | H10: R12 | I10: 73 | J10: 0.433 | K10: 1 | L10: 1 | M10: sim | N10: entrada não gerada | O10: detectado em 73 de 90 execuções; depende de o gerador produzir a entrada que revela o defeito | R10: =IF(P10="",N10,P10) -> entrada não gerada | S10: =IF(P10="","",IF(P10=N10,"sim","não")) | T10: CalculadoraPreco.desconto:61:RemoveConditionalMutator_ORDER_ELSE:28
A11: 9 | B11: java | C11: forte | D11: CalculadoraPreco.java | E11: 61 | F11: if (subtotal < cupom.getMinimoCentavos()) { | G11: removed conditional - replaced comparison check with true | H11: R12 | I11: 73 | J11: 0.433 | K11: 1 | L11: 1 | M11: sim | N11: entrada não gerada | O11: detectado em 73 de 90 execuções; depende de o gerador produzir a entrada que revela o defeito | R11: =IF(P11="",N11,P11) -> entrada não gerada | S11: =IF(P11="","",IF(P11=N11,"sim","não")) | T11: CalculadoraPreco.desconto:61:RemoveConditionalMutator_ORDER_IF:28
A12: 10 | B12: java | C12: forte | D12: CalculadoraPreco.java | E12: 65 | F12: if (cupom.getTipo() == TipoCupom.PERCENTUAL) { | G12: negated conditional | H12: R11 | I12: 64 | J12: 0.133 | K12: 1 | L12: 1 | M12: sim | N12: entrada não gerada | O12: detectado em 64 de 90 execuções; depende de o gerador produzir a entrada que revela o defeito | R12: =IF(P12="",N12,P12) -> entrada não gerada | S12: =IF(P12="","",IF(P12=N12,"sim","não")) | T12: CalculadoraPreco.desconto:65:NegateConditionalsMutator:39
A13: 11 | B13: java | C13: forte | D13: CalculadoraPreco.java | E13: 65 | F13: if (cupom.getTipo() == TipoCupom.PERCENTUAL) { | G13: removed conditional - replaced equality check with false | H13: R11 | I13: 59 | J13: 0.133 | K13: 0.833 | L13: 1 | M13: sim | N13: entrada não gerada | O13: detectado em 59 de 90 execuções; depende de o gerador produzir a entrada que revela o defeito | R13: =IF(P13="",N13,P13) -> entrada não gerada | S13: =IF(P13="","",IF(P13=N13,"sim","não")) | T13: CalculadoraPreco.desconto:65:RemoveConditionalMutator_EQUAL_ELSE:39
A14: 12 | B14: java | C14: forte | D14: CalculadoraPreco.java | E14: 65 | F14: if (cupom.getTipo() == TipoCupom.PERCENTUAL) { | G14: removed conditional - replaced equality check with true | H14: R11 | I14: 61 | J14: 0.133 | K14: 0.9 | L14: 1 | M14: sim | N14: entrada não gerada | O14: detectado em 61 de 90 execuções; depende de o gerador produzir a entrada que revela o defeito | R14: =IF(P14="",N14,P14) -> entrada não gerada | S14: =IF(P14="","",IF(P14=N14,"sim","não")) | T14: CalculadoraPreco.desconto:65:RemoveConditionalMutator_EQUAL_IF:39
... A402: 400 | B402: node | C402: fraca | D402: servicoIngressos.js | E402: 230 | F402: throw new RegraNegocioError('EVENTO_INDISPONIVEL'); | G402: StringLiteral: substitui por '""' | H402: R2 | I402: 0 | J402: 0 | K402: 0 | L402: 0 | M402: sim | N402: regra sem propriedade | O402: R2 não é verificada pela suíte fraca; a suíte forte detecta | R402: =IF(P402="",N402,P402) -> regra sem propriedade | S402: =IF(P402="","",IF(P402=N402,"sim","não")) | T402: servicoIngressos.js:230:33-230.54:StringLiteral:""

Sheet Resumo
A1: Classes finais por ecossistema e suíte (atualiza com a revisão)
A3: Ecossistema | B3: Suíte | C3: entrada não gerada | D3: oráculo fraco | E3: regra sem propriedade | F3: equivalente | G3: Total | H3: Revisados | I3: Divergências
A4: java | B4: fraca | C4: =COUNTIFS(Mutantes!$B$3:$B$402,$A4,Mutantes!$C$3:$C$402,$B4,Mutantes!$R$3:$R$402,C$3) -> 23 | D4: =COUNTIFS(Mutantes!$B$3:$B$402,$A4,Mutantes!$C$3:$C$402,$B4,Mutantes!$R$3:$R$402,D$3) -> 27 | E4: =COUNTIFS(Mutantes!$B$3:$B$402,$A4,Mutantes!$C$3:$C$402,$B4,Mutantes!$R$3:$R$402,E$3) -> 54 | F4: =COUNTIFS(Mutantes!$B$3:$B$402,$A4,Mutantes!$C$3:$C$402,$B4,Mutantes!$R$3:$R$402,F$3) -> 2 | G4: =SUM(C4:F4) -> 106 | H4: =COUNTIFS(Mutantes!$B$3:$B$402,$A4,Mutantes!$C$3:$C$402,$B4,Mutantes!$P$3:$P$402,"<>") -> 0 | I4: =COUNTIFS(Mutantes!$B$3:$B$402,$A4,Mutantes!$C$3:$C$402,$B4,Mutantes!$S$3:$S$402,"não") -> 0
A5: java | B5: forte | C5: =COUNTIFS(Mutantes!$B$3:$B$402,$A5,Mutantes!$C$3:$C$402,$B5,Mutantes!$R$3:$R$402,C$3) -> 61 | D5: =COUNTIFS(Mutantes!$B$3:$B$402,$A5,Mutantes!$C$3:$C$402,$B5,Mutantes!$R$3:$R$402,D$3) -> 11 | E5: =COUNTIFS(Mutantes!$B$3:$B$402,$A5,Mutantes!$C$3:$C$402,$B5,Mutantes!$R$3:$R$402,E$3) -> 0 | F5: =COUNTIFS(Mutantes!$B$3:$B$402,$A5,Mutantes!$C$3:$C$402,$B5,Mutantes!$R$3:$R$402,F$3) -> 2 | G5: =SUM(C5:F5) -> 74 | H5: =COUNTIFS(Mutantes!$B$3:$B$402,$A5,Mutantes!$C$3:$C$402,$B5,Mutantes!$P$3:$P$402,"<>") -> 0 | I5: =COUNTIFS(Mutantes!$B$3:$B$402,$A5,Mutantes!$C$3:$C$402,$B5,Mutantes!$S$3:$S$402,"não") -> 0
A6: node | B6: fraca | C6: =COUNTIFS(Mutantes!$B$3:$B$402,$A6,Mutantes!$C$3:$C$402,$B6,Mutantes!$R$3:$R$402,C$3) -> 15 | D6: =COUNTIFS(Mutantes!$B$3:$B$402,$A6,Mutantes!$C$3:$C$402,$B6,Mutantes!$R$3:$R$402,D$3) -> 26 | E6: =COUNTIFS(Mutantes!$B$3:$B$402,$A6,Mutantes!$C$3:$C$402,$B6,Mutantes!$R$3:$R$402,E$3) -> 88 | F6: =COUNTIFS(Mutantes!$B$3:$B$402,$A6,Mutantes!$C$3:$C$402,$B6,Mutantes!$R$3:$R$402,F$3) -> 8 | G6: =SUM(C6:F6) -> 137 | H6: =COUNTIFS(Mutantes!$B$3:$B$402,$A6,Mutantes!$C$3:$C$402,$B6,Mutantes!$P$3:$P$402,"<>") -> 0 | I6: =COUNTIFS(Mutantes!$B$3:$B$402,$A6,Mutantes!$C$3:$C$402,$B6,Mutantes!$S$3:$S$402,"não") -> 0
A7: node | B7: forte | C7: =COUNTIFS(Mutantes!$B$3:$B$402,$A7,Mutantes!$C$3:$C$402,$B7,Mutantes!$R$3:$R$402,C$3) -> 75 | D7: =COUNTIFS(Mutantes!$B$3:$B$402,$A7,Mutantes!$C$3:$C$402,$B7,Mutantes!$R$3:$R$402,D$3) -> 0 | E7: =COUNTIFS(Mutantes!$B$3:$B$402,$A7,Mutantes!$C$3:$C$402,$B7,Mutantes!$R$3:$R$402,E$3) -> 0 | F7: =COUNTIFS(Mutantes!$B$3:$B$402,$A7,Mutantes!$C$3:$C$402,$B7,Mutantes!$R$3:$R$402,F$3) -> 8 | G7: =SUM(C7:F7) -> 83 | H7: =COUNTIFS(Mutantes!$B$3:$B$402,$A7,Mutantes!$C$3:$C$402,$B7,Mutantes!$P$3:$P$402,"<>") -> 0 | I7: =COUNTIFS(Mutantes!$B$3:$B$402,$A7,Mutantes!$C$3:$C$402,$B7,Mutantes!$S$3:$S$402,"não") -> 0
A9: Concordância entre a pré-classificação e a revisão (só mutantes revisados):
A10: Revisados | B10: =SUM(H4:H7) -> 0
A11: Concordância | B11: =IFERROR(1-SUM(I4:I7)/B10,"")
